,0,1,2,3,4,5,6,7,8,9,10,11,12,13,14,15,16,17,18,19,20,21,22,23,24,25,Truth
0,0.5071709752082825,0.5033802986145021,0.500442624092102,0.49925750494003296,0.6412600874900818,0.5002526640892029,0.758439302444458,0.5036528706550598,0.5000055432319641,0.4978255927562714,0.6311056017875671,0.35850250720977783,0.8013847470283508,0.5043357610702515,0.499519944190979,0.7872044444084167,0.5025449395179749,0.5328534245491028,0.5001786947250366,0.5013923645019531,0.6023557186126709,0.5007438063621521,0.5675306916236877,0.5039520263671875,0.7567431330680847,0.5590707063674927,1
1,0.5062143206596375,0.5034174919128418,0.5004666447639465,0.4992095530033112,0.641350507736206,0.5002368688583374,0.8638510704040527,0.5027789473533629,0.5000255703926086,0.49785315990448,0.6312724947929382,0.35871249437332153,0.8016295433044434,0.5043454170227051,0.4995134174823761,0.7715235352516174,0.5024273395538329,0.5324516296386719,0.5002127885818481,0.5013895630836487,0.6009289026260376,0.500487744808197,0.56778883934021,0.5036530494689941,0.7974017262458801,0.5605483055114746,1
2,0.5040213465690613,0.5035693049430847,0.5004487633705139,0.4992156028747559,0.6411380767822266,0.5002601146697998,0.7196381688117981,0.5031588673591614,0.5000072121620178,0.4978299736976624,0.6311830282211304,0.35972511768341064,0.8009719252586365,0.5043683052062988,0.4995111525058746,0.6990351676940918,0.5022906064987183,0.5329938530921936,0.5000513195991516,0.5013324618339539,0.6096344590187073,0.5004105567932129,0.5679922103881836,0.5039823651313782,0.7915698289871216,0.5591408014297485,1
3,0.5041086077690125,0.5035842061042786,0.5004541277885437,0.4992228448390961,0.6411255598068237,0.5002574920654297,0.5510653257369995,0.5031467676162721,0.5000079274177551,0.4978024363517761,0.6311827898025513,0.3597189784049988,0.8010666370391846,0.5043635368347168,0.499511331319809,0.6755977869033813,0.5023007392883301,0.5329987406730652,0.5000522732734679,0.5013431906700134,0.6096199154853821,0.5003958940505981,0.5679572224617004,0.5039386749267578,0.7587040066719055,0.5588525533676147,1
4,0.5105746388435364,0.5032501220703125,0.5003576278686523,0.4992343783378601,0.6414392590522766,0.5002962946891785,0.8724229335784912,0.5040937066078186,0.4999974071979522,0.497793585062027,0.6312380433082581,0.3586174547672272,0.8015108704566956,0.5043740272521973,0.4995278120040894,0.8555074334144592,0.5024570226669312,0.5315918922424316,0.5002604126930237,0.5012598633766174,0.5980312824249268,0.5003836154937744,0.5678961277008057,0.5043385028839111,0.829753577709198,0.5583519339561462,1
5,0.5106316804885864,0.5032975077629089,0.5003711581230164,0.4992237985134125,0.6414042711257935,0.5002795457839966,0.8632309436798096,0.5040208101272583,0.5000038146972656,0.4977800846099854,0.6312288045883179,0.3587982952594757,0.8014572858810425,0.5043838620185852,0.4995263516902924,0.8432471752166748,0.5024005770683289,0.5318390130996704,0.5002229809761047,0.5012750029563904,0.5989736318588257,0.5003730654716492,0.5679222345352173,0.5042130947113037,0.7343951463699341,0.558391273021698,1
6,0.5103234052658081,0.5032897591590881,0.5003542304039001,0.4992258846759796,0.641415536403656,0.500296950340271,0.8719598054885864,0.5040141344070435,0.5,0.4977875947952271,0.6312248110771179,0.35863709449768066,0.8014509677886963,0.5043779015541077,0.4995270371437073,0.8385277390480042,0.5024288296699524,0.5318748354911804,0.500224769115448,0.5012744069099426,0.5993989109992981,0.5003725886344911,0.5679510235786438,0.5042898654937744,0.825725257396698,0.5584917068481445,1
7,0.5075441002845764,0.5033833980560303,0.5004025101661682,0.499205619096756,0.6410968899726868,0.5002567768096924,0.8560745716094971,0.5034593343734741,0.5000078082084656,0.4978557229042053,0.6312240362167358,0.3581222891807556,0.801111102104187,0.5043870210647583,0.4995151460170746,0.7067296504974365,0.5026402473449707,0.5324943065643309,0.5002134442329407,0.5013303160667419,0.6044886112213135,0.5002699494361877,0.567912220954895,0.5037907958030701,0.841095507144928,0.5585988163948059,1
8,0.5071209669113159,0.5033894777297974,0.5004016160964966,0.4992063939571381,0.6411445140838623,0.5002557039260864,0.8566575050354004,0.5035032033920288,0.5000071525573729,0.4978584349155426,0.6312137246131897,0.3584422171115875,0.8010839819908142,0.5043862462043762,0.49951556324958796,0.6046796441078186,0.5026503205299377,0.5323479175567627,0.5002182722091675,0.5013512372970581,0.6057031154632568,0.5002731084823608,0.5679037570953369,0.5037840008735657,0.832065224647522,0.558735191822052,1
9,0.5061036348342896,0.5033612847328186,0.5003933310508728,0.4992100894451141,0.6411429643630981,0.5002651214599609,0.8332998752593994,0.5036870837211609,0.4999963045120239,0.4977873265743256,0.631122887134552,0.3588433265686035,0.8011963963508606,0.5043866038322449,0.4995202720165253,0.8014269471168518,0.5025063753128052,0.5317949652671814,0.5001416802406311,0.5014696717262268,0.6076903939247131,0.5003200769424438,0.5679118037223816,0.5041618943214417,0.7880629897117615,0.5582389235496521,1
10,0.5065453052520752,0.5033579468727112,0.5003786087036133,0.4992148280143738,0.6411817669868469,0.5002656579017639,0.8474154472351074,0.5037075877189636,0.4999960958957672,0.4977910816669464,0.6311310529708862,0.3586529791355133,0.8012118339538574,0.5043842196464539,0.4995201230049133,0.4065857231616974,0.5025359392166138,0.5318949818611145,0.5001564621925354,0.5014206767082214,0.6078053712844849,0.5003288984298706,0.567976713180542,0.5041911005973816,0.8368464112281799,0.5586943030357361,1
11,0.5071269273757935,0.5033655166625977,0.5003711581230164,0.4992767572402954,0.6414114832878113,0.5002810955047607,0.8321086764335632,0.5033551454544067,0.4999759495258331,0.4977899193763733,0.6311298012733461,0.35909682512283325,0.8014028072357178,0.5043329000473022,0.4995197951793671,0.7046051025390625,0.502372145652771,0.53215092420578,0.5001109838485718,0.5013181567192078,0.6035326719284058,0.5006732940673828,0.5674352049827576,0.50425785779953,0.8570842146873474,0.5582508444786072,1
12,0.5075295567512512,0.5033817291259766,0.5003812313079834,0.4992697834968567,0.6414033770561218,0.5002797842025757,0.6238943934440613,0.5035164356231691,0.4999738931655884,0.4977917969226837,0.6311427354812622,0.3593157231807709,0.8013532757759094,0.5043576955795288,0.4995172321796417,0.6855953931808472,0.5023859739303589,0.5321538448333739,0.5001139640808105,0.5013135671615601,0.6020075678825378,0.5005503892898561,0.5674688816070557,0.50420081615448,0.8368206024169922,0.5580906271934509,1
13,0.5073360800743103,0.5033649206161499,0.5003688335418701,0.499273419380188,0.6414029598236084,0.5002812147140503,0.8445776700973511,0.5034293532371521,0.4999718070030213,0.4977919161319733,0.6311356425285339,0.3590555787086487,0.8013939261436462,0.5043372511863708,0.499519944190979,0.8030871152877808,0.5023826360702515,0.532059371471405,0.5001084208488464,0.5013304948806763,0.6024700999259949,0.5006651282310486,0.5674400329589844,0.5042350292205809,0.8621060848236084,0.5584926605224609,1
14,0.5077818036079407,0.5033491253852844,0.5003730058670044,0.499283641576767,0.6414521932601929,0.5002846717834473,0.8401147723197937,0.5034394264221191,0.4999729692935944,0.4977948665618897,0.6311622262001038,0.3589340150356293,0.8014408349990845,0.5043355226516724,0.4995198845863342,0.7635213136672974,0.5023665428161621,0.5320286750793457,0.500137209892273,0.5013156533241272,0.6015676259994507,0.5006593465805054,0.5675084590911865,0.5042538046836853,0.8649648427963257,0.5589422583580017,1
15,0.5058183670043945,0.5035463571548462,0.5005917549133301,0.4992047846317291,0.6412296295166016,0.5002356767654419,0.8710923790931702,0.5035325288772583,0.5000145435333252,0.4978224039077759,0.6310666799545288,0.3597631454467773,0.8011557459831238,0.5043520331382751,0.4995139539241791,0.8476384282112122,0.5023863911628723,0.533121645450592,0.500178337097168,0.5014615058898926,0.609114408493042,0.500480055809021,0.5677306652069092,0.5041105151176453,0.8285393714904785,0.5585658550262451,1
16,0.5059945583343506,0.5035747289657593,0.5004897713661194,0.4992058873176575,0.6412322521209717,0.5002492666244507,0.8633357882499695,0.5034911632537842,0.5000163912773132,0.49782317876815796,0.6310572624206543,0.3596836924552917,0.8011729717254639,0.5043544173240662,0.4995151460170746,0.8553158640861511,0.5023812651634216,0.5331476926803589,0.500165581703186,0.5014598369598389,0.6122502088546753,0.5004640817642212,0.567768394947052,0.5039252042770386,0.8056183457374573,0.5588855147361755,1
17,0.5053349733352661,0.503456711769104,0.5004048347473145,0.4991178512573242,0.6410970091819763,0.5002503395080566,0.8550412654876709,0.5042484998703003,0.5000152587890625,0.4978906214237213,0.6312355995178223,0.35980212688446045,0.8004851341247559,0.5044249892234802,0.4995203316211701,0.8379063606262207,0.5022954940795898,0.5327482223510742,0.5001263618469238,0.5015124082565308,0.6128863692283629,0.5002787113189697,0.5680446028709412,0.5039340853691101,0.7441492676734924,0.5594223737716675,1
18,0.5052350759506226,0.5034810900688171,0.5004040598869324,0.499127447605133,0.6411419510841371,0.5002454519271851,0.863327145576477,0.5042190551757812,0.5000159740447998,0.4979027807712555,0.6312431693077087,0.35937735438346863,0.8005425930023193,0.5044173002243042,0.499519407749176,0.8451696634292603,0.5023053884506226,0.5327997207641602,0.5001349449157715,0.5014690756797789,0.6108092665672302,0.5002856850624084,0.5680864453315735,0.5039510130882263,0.798758864402771,0.5591756701469421,1
19,0.5054646730422974,0.5034747719764711,0.5004253983497621,0.4991454482078552,0.6411198377609253,0.5002443790435791,0.8526198863983154,0.5042241215705872,0.5000177025794983,0.4978959262371063,0.6312281489372253,0.35862553119659424,0.8005197644233704,0.5044180750846863,0.4995194673538208,0.8402856588363647,0.5022823214530945,0.5327852964401245,0.5001212358474731,0.5014423727989197,0.6098679304122925,0.5002974271774292,0.5680069923400879,0.5039202570915222,0.8039329051971436,0.5600422620773315,1
20,0.5060036778450012,0.5035045146942139,0.5003862977027893,0.4993044435977936,0.641473114490509,0.5002750754356384,0.8420118689537048,0.5033959746360779,0.4999930262565613,0.4977671802043915,0.6311654448509216,0.3586789667606354,0.8013812899589539,0.5043252110481262,0.4995145797729492,0.7889406085014343,0.5024207830429077,0.5325354933738708,0.5000795125961304,0.5013080835342407,0.6032294631004333,0.5004869103431702,0.5672515034675598,0.5040218830108643,0.8262819647789001,0.5611414313316345,1
21,0.5067272186279297,0.5035586953163147,0.5004653334617615,0.4992115795612335,0.6411962509155273,0.5002446174621582,0.8698364496231079,0.5034499764442444,0.5000135898590088,0.4977973103523254,0.6311487555503845,0.3585849106311798,0.8011825680732727,0.504377007484436,0.4995140433311462,0.8620283007621765,0.5024620294570923,0.5327101945877075,0.500213086605072,0.5014100074768066,0.6066063642501831,0.5003395080566406,0.5678203105926514,0.5036941170692444,0.8493919968605042,0.5589132308959961,1
22,0.5066298246383667,0.5035547614097595,0.5004650354385376,0.4992125928401947,0.6412174701690674,0.5002437233924866,0.8715440630912781,0.5034093856811523,0.5000154376029968,0.4977978765964508,0.6311468482017517,0.3585870265960693,0.8011643290519714,0.5043783783912659,0.4995131492614746,0.8576035499572754,0.5024639964103699,0.5327724218368529,0.5002058744430542,0.5014118552207947,0.6068219542503357,0.5003445744514465,0.5678458213806152,0.5036731958389282,0.8413697481155396,0.5589982867240906,1
23,0.505490779876709,0.5034437775611877,0.5004543662071228,0.4991715252399445,0.6412134766578674,0.500238299369812,0.8387945294380188,0.5035948753356934,0.5000264048576355,0.4978116750717163,0.6311430335044861,0.35955050587654114,0.8014715313911438,0.5043578743934631,0.4995060861110687,0.6739572286605835,0.502602219581604,0.5331624150276184,0.5001788735389711,0.5014392733573914,0.6102736592292786,0.5003361105918884,0.5675643682479858,0.5037320256233215,0.8612526059150696,0.5590909123420715,1
24,0.5055646896362305,0.5034279227256775,0.500457227230072,0.4991665780544281,0.6411819458007812,0.5002394914627075,0.8352408409118652,0.5035123825073242,0.5000259876251221,0.4978135228157044,0.6311457753181458,0.3595791161060333,0.8014757037162781,0.5043537616729736,0.4995061457157135,0.7705082893371582,0.5026068687438965,0.5332249999046326,0.5001786947250366,0.5014560818672179,0.6093079447746277,0.5003101825714111,0.5675528645515442,0.5037551522254944,0.8335255980491638,0.558731734752655,1
25,0.5072564482688904,0.5034035444259644,0.5004507303237915,0.4992730021476746,0.6412668228149414,0.5002689957618713,0.7029628157615662,0.5033209919929504,0.4999978542327881,0.4977909624576569,0.6311432719230652,0.35877975821495056,0.8013921976089478,0.5043298006057739,0.4995169341564178,0.7144194245338441,0.5023623704910278,0.5327332615852356,0.5001270174980164,0.5013889670372009,0.6058169603347778,0.5003429055213928,0.5679376125335693,0.5040143132209778,0.8256759047508241,0.5595031380653381,1
26,0.5054923295974731,0.5034968256950378,0.5004814863204956,0.4991938173770905,0.6411455869674683,0.5002520084381104,0.8158448934555054,0.503642737865448,0.5000168681144714,0.4977683424949646,0.6311507225036621,0.3594964146614075,0.8012254238128662,0.5043625831604004,0.4995109438896179,0.7642081379890442,0.5023586153984071,0.5331913828849792,0.5000984668731691,0.5014864206314087,0.6062203645706177,0.5003695487976074,0.5680797100067139,0.5036821365356445,0.8124833106994629,0.5594019889831543,1
27,0.5090105533599854,0.5034082531929016,0.5004862546920776,0.4992195963859558,0.6412318348884583,0.5002567768096924,0.8529068827629089,0.5037559270858765,0.5000188946723938,0.4978001713752746,0.6311981081962585,0.3591148555278778,0.8013847470283508,0.5043403506278992,0.4995129406452179,0.6463972330093384,0.5025762319564819,0.5326445698738098,0.5001503825187683,0.5014293789863586,0.6096277236938477,0.5004503130912781,0.5675228834152222,0.5037503838539124,0.8006678223609924,0.5582741498947144,1
28,0.509227454662323,0.503413200378418,0.5004706978797913,0.4992235004901886,0.6412883996963501,0.5002658963203429,0.8564164042472839,0.5040256977081299,0.500015377998352,0.49779012799263,0.6311823725700378,0.3591549098491669,0.8014535307884216,0.5043394565582275,0.499514251947403,0.8669460415840149,0.5025699734687805,0.5324409604072571,0.5001521110534668,0.5014622211456299,0.6108013391494751,0.5004702210426331,0.5675427913665771,0.5037698745727539,0.7828577160835266,0.5579430460929871,1
29,0.5089531540870667,0.5034312605857849,0.5004599690437317,0.4992228746414185,0.6412641406059265,0.5002720952033997,0.8517876863479614,0.5040311813354492,0.5000148415565491,0.4977757930755615,0.6311681866645813,0.3589308261871338,0.8014231324195862,0.5043396353721619,0.4995160400867462,0.8536712527275085,0.5025351047515869,0.5324573516845703,0.5001432895660399,0.5014750361442566,0.6095757484436035,0.5004857778549194,0.5674830675125122,0.5038276314735413,0.7826037406921387,0.5579925179481506,1
30,0.507743775844574,0.5033388137817383,0.5004918575286865,0.4991863071918488,0.6411791443824768,0.500264048576355,0.7669426798820496,0.5038780570030212,0.5000096559524536,0.4978677928447723,0.6312947273254395,0.358705997467041,0.8011230826377869,0.5043632388114929,0.4995208084583282,0.366327166557312,0.5024614334106445,0.532917320728302,0.500175416469574,0.5014026761054993,0.6061787009239197,0.5004094243049622,0.5677970051765442,0.5040492415428162,0.8204482197761536,0.5589103102684021,1
31,0.5048938989639282,0.5034149289131165,0.5004392862319946,0.4992146492004394,0.641215980052948,0.5002551674842834,0.8549370169639587,0.5037444233894348,0.5000125765800476,0.4977619647979736,0.6311436891555786,0.3602522909641266,0.8011681437492371,0.5043707489967346,0.4995174109935761,0.8302650451660156,0.5023275017738342,0.5324965119361877,0.5000458359718323,0.5016182661056519,0.6207743287086487,0.5004274249076843,0.5676974058151245,0.5036729574203491,0.7985156178474426,0.5582677125930786,1
32,0.5048601031303406,0.5034065842628479,0.5004351139068604,0.4992122948169708,0.641213595867157,0.5002657175064087,0.8588543534278871,0.5037321448326111,0.5000095963478088,0.497757226228714,0.6311411261558533,0.3602495789527893,0.8011686205863953,0.5043714642524719,0.4995187819004059,0.8412573933601379,0.5023420453071594,0.5325236320495605,0.5000460743904114,0.5016183853149414,0.6204284429550171,0.5004508495330809,0.5677012205123901,0.5036724209785461,0.7738606929779053,0.5583646893501282,1
33,0.5076574683189392,0.5033582448959351,0.5003776550292969,0.4989432096481323,0.641264796257019,0.5002712011337279,0.8459176421165466,0.5024625062942505,0.5000050067901611,0.4978576302528381,0.6311289668083191,0.3582915365695953,0.8028090596199036,0.5043320059776306,0.4995208978652954,0.8718516826629639,0.5034642815589905,0.5326492190361023,0.5001483559608461,0.5013300776481628,0.6006681323051453,0.5003928542137146,0.5690100789070129,0.5039324164390564,0.8286218643188477,0.5747858881950378,1
34,0.5060884356498718,0.5034259557723999,0.5004927515983582,0.4992119371891022,0.6412779688835144,0.5002389550209045,0.8021334409713745,0.5034022331237793,0.5000120401382446,0.4978116750717163,0.6311274170875549,0.3593291342258453,0.8014214634895325,0.504330575466156,0.4995162189006805,0.5658931732177734,0.502591609954834,0.5325330495834351,0.5001606941223145,0.5014892220497131,0.6109590530395508,0.5004482865333557,0.5680339932441711,0.503931999206543,0.8002262115478516,0.5591124296188354,1
35,0.5061643719673157,0.5034269094467163,0.5004931092262268,0.4992066025733948,0.6413180828094482,0.500241219997406,0.7066094875335693,0.5034800171852112,0.5000089406967163,0.4978078305721283,0.6311309933662415,0.35940465331077576,0.8014326095581055,0.5043284893035889,0.4995165169239044,0.2572413980960846,0.5025672316551208,0.5323684811592102,0.5001668930053711,0.5015040040016174,0.6109123826026917,0.5004792809486389,0.5680256485939026,0.5039789676666261,0.8490557670593262,0.558792233467102,1
36,0.5057792067527771,0.5034343004226685,0.5004140138626099,0.4992552101612091,0.6413264870643616,0.5002766251564026,0.8468202352523804,0.5037005543708801,0.500010073184967,0.4977947175502777,0.6311568021774292,0.35864827036857605,0.8012705445289612,0.5043568015098572,0.4995144903659821,0.8306389451026917,0.5023407340049744,0.5324342250823975,0.5001242160797119,0.5014469027519226,0.6048213243484497,0.500562310218811,0.5677093267440796,0.5042621493339539,0.8405776023864746,0.5585208535194397,1
37,0.5065494775772095,0.5033811926841736,0.5005426406860352,0.4992833435535431,0.6411463022232056,0.5002344250679016,0.8492164611816406,0.5035200715065002,0.5000101327896118,0.4977629482746124,0.6311350464820862,0.3598576784133911,0.8012804985046387,0.504349410533905,0.499509334564209,0.8236294388771057,0.5023095607757568,0.5328497886657715,0.5001050233840942,0.5014589428901672,0.6188373565673828,0.5003101825714111,0.5675902366638184,0.5035754442214966,0.7967056035995483,0.5598827600479126,1
38,0.506367564201355,0.503562867641449,0.5004854202270508,0.4992108047008514,0.6410183310508728,0.5002618432044983,0.8320620059967041,0.5036261081695557,0.5000095963478088,0.4977947473526001,0.6312345266342163,0.3594711422920227,0.8009764552116394,0.5043883323669434,0.4995168447494507,0.6955567002296448,0.5024280548095703,0.5328330993652344,0.5000450611114502,0.5013978481292725,0.6118301153182983,0.5003504753112793,0.567828893661499,0.5038532018661499,0.8119602203369141,0.5586576461791992,1
39,0.5059643387794495,0.503387451171875,0.5005857348442078,0.4992150068283081,0.6410474181175232,0.5002306699752808,0.8707965612411499,0.5036758184432983,0.5000210404396057,0.4977622330188751,0.6311662197113037,0.3603921830654144,0.8014206886291504,0.50438392162323,0.4995065927505493,0.7990191578865051,0.5023975372314453,0.5331820845603943,0.5001127123832703,0.5013082027435303,0.6187583804130554,0.5003746151924133,0.5677858591079712,0.5034441351890564,0.84288489818573,0.5589966177940369,1
40,0.5060129761695862,0.5033971071243286,0.5006002187728882,0.4992134869098663,0.6410542726516724,0.5002349019050598,0.8623523116111755,0.5036735534667969,0.5000293254852295,0.4977685809135437,0.631177544593811,0.3604864478111267,0.8014294505119324,0.504382312297821,0.4995077550411224,0.8354991674423218,0.5023625493049622,0.5331585407257079,0.5001264214515686,0.5013213157653809,0.6198873519897461,0.5003961324691772,0.5677908658981323,0.5034299492835999,0.8573742508888245,0.5586299896240234,1
41,0.5065153241157532,0.5033615231513977,0.500531792640686,0.499212771654129,0.6411785483360289,0.5002393126487732,0.8692797422409058,0.5036641359329224,0.5000162124633789,0.4977855980396271,0.6311888098716736,0.3594317138195038,0.8014897108078003,0.5043830871582031,0.4995142221450806,0.8143754601478577,0.502359926700592,0.5330005884170532,0.500149667263031,0.5012888312339783,0.6137835383415222,0.5004249215126038,0.5677834749221802,0.5036520957946777,0.8396658897399902,0.5590330362319946,1
42,0.505456805229187,0.5034292340278625,0.5005027055740356,0.4992716014385224,0.6411620378494263,0.5002616047859192,0.8407883644104004,0.5037527084350586,0.5000093579292297,0.4977329671382904,0.6311624050140381,0.3604833781719208,0.8015108108520508,0.5043509602546692,0.4995159208774567,0.8561016321182251,0.5025344491004944,0.5329613089561462,0.500056266784668,0.5014963746070862,0.6206629872322083,0.5004960298538208,0.5678871273994446,0.5039154887199402,0.8232561349868774,0.5579060316085815,1
43,0.505388081073761,0.5034050345420837,0.5004923939704895,0.4992860853672028,0.6412025690078735,0.5002619624137878,0.8112236261367798,0.5036816000938416,0.5000095963478088,0.4977332949638367,0.6311681866645813,0.3605530858039856,0.8016161322593689,0.5043368935585022,0.4995155036449432,0.7759844660758972,0.5025617480278015,0.5329687595367432,0.5000659823417664,0.5014885663986206,0.6197389364242554,0.5005400776863098,0.567788302898407,0.503923773765564,0.5936821103096008,0.5578077435493469,1
44,0.5051974058151245,0.5033715963363647,0.5004283785820007,0.4992785453796386,0.6411429047584534,0.5002781152725221,0.8442608714103699,0.5036546587944031,0.5000050067901611,0.4977462291717529,0.6311966180801392,0.3593020141124725,0.801474928855896,0.5043516159057617,0.4995208084583282,0.8305128216743469,0.5025233030319214,0.5328362584114075,0.5000763535499573,0.5014584064483643,0.6082335710525513,0.5004507303237915,0.5678737163543701,0.5040670037269592,0.35330531001091003,0.5577510595321655,1
45,0.5058446526527405,0.5033063888549805,0.500348687171936,0.4992528557777405,0.6411188244819641,0.5002610087394714,0.8309507369995117,0.5035390257835388,0.4999891221523285,0.4976999163627625,0.6311212182044983,0.35834020376205444,0.8016088604927063,0.5043398737907411,0.499517172574997,0.26412141323089605,0.5024684071540833,0.5320445299148561,0.5000740885734558,0.5014414191246033,0.5988708734512329,0.5004720687866211,0.5676049590110779,0.5041034221649171,0.855591893196106,0.5583668947219849,1
46,0.5052778720855713,0.5033849477767944,0.5005278587341309,0.49925750494003296,0.6412279009819031,0.5002362728118896,0.8501458764076233,0.503389835357666,0.5000177025794983,0.4978675246238709,0.6311734318733215,0.35990822315216064,0.8009647727012634,0.5043528079986572,0.4995169937610626,0.8291656374931335,0.5022991299629211,0.5329710841178894,0.5001099109649658,0.5013647675514221,0.6121352910995483,0.5005264282226562,0.567590057849884,0.5036367774009705,0.8533486723899841,0.5596415400505066,1
47,0.5053207874298096,0.5034074783325195,0.5005183815956116,0.499251514673233,0.641227126121521,0.5002349019050598,0.8540738821029663,0.5032604932785034,0.5000144243240356,0.4978683292865753,0.6311779022216797,0.3596225678920746,0.8009880185127258,0.5043455958366394,0.499517172574997,0.7642099261283875,0.5023334622383118,0.5328550934791565,0.5001057386398315,0.5013564825057983,0.6117368340492249,0.500477135181427,0.5676284432411194,0.5036957859992981,0.8254119753837585,0.55964195728302,1
48,0.5054792165756226,0.5033751726150513,0.5004664659500122,0.4992668330669403,0.6412414312362671,0.500251829624176,0.8510324954986572,0.5033007264137268,0.5000141859054565,0.4978683888912201,0.6311817169189453,0.3592963218688965,0.8010539412498474,0.5043458938598633,0.4995224177837372,0.7940605282783508,0.5023303031921387,0.5326867699623108,0.5001199841499329,0.501335084438324,0.6078673005104065,0.5005463361740112,0.5675782561302185,0.5038917064666748,0.8453319668769836,0.5593245625495911,1
49,0.5044040083885193,0.5034474730491638,0.5004355311393738,0.4991872608661652,0.6410976052284241,0.5002613663673401,0.7092888951301575,0.5036140084266663,0.5000023245811462,0.4978404939174652,0.6311886310577393,0.35887911915779114,0.8010255098342896,0.5043537616729736,0.4995120465755463,0.5725765824317932,0.5024433732032776,0.5325135588645935,0.5000792145729065,0.5013867020606995,0.6033619046211243,0.5002345442771912,0.5681448578834534,0.5038154125213623,0.6524741053581238,0.5591016411781311,1
50,0.5051344633102417,0.5033981800079346,0.5003888607025146,0.4992044866085053,0.6411454081535339,0.5002805590629578,0.6671110391616821,0.5036641955375671,0.4999953806400299,0.4978480041027069,0.6312531232833862,0.3584607243537903,0.8012665510177612,0.5043504238128662,0.4995175302028656,0.3530659377574921,0.5024759173393251,0.5322676301002502,0.5001031160354614,0.5013654232025146,0.6003080606460571,0.5002519488334656,0.5680455565452576,0.5039817690849304,0.6172378659248352,0.5591465830802917,1
51,0.5062242150306702,0.5032633543014526,0.5004152059555054,0.4992157816886902,0.6413023471832275,0.5002818107604979,0.7977734208106995,0.5034621953964233,0.5000043511390686,0.4977843463420868,0.631247341632843,0.3588712811470032,0.8013074994087219,0.5043447613716125,0.4995231032371521,0.7700496315956116,0.5023722648620605,0.5327120423316956,0.5001651644706726,0.5012998580932617,0.6056544780731201,0.5003952383995056,0.5676957368850708,0.504083514213562,0.8550218939781189,0.5587066411972046,1
52,0.5061361193656921,0.5032682418823242,0.5004130601882935,0.4992184042930603,0.641322135925293,0.5002835392951965,0.8039621114730835,0.5035067200660706,0.5000030994415283,0.4977838099002838,0.6312322616577148,0.3589383363723755,0.8012931346893309,0.5043467879295349,0.4995238482952118,0.5845928192138672,0.5023487210273743,0.5327183604240417,0.5001510977745056,0.5013134479522705,0.6052708029747009,0.5004193782806396,0.5676701664924622,0.5041164159774779,0.8431253433227539,0.5586126446723938,1
53,0.505628228187561,0.5034721493721008,0.5004353523254395,0.4992823600769043,0.6410859227180481,0.5002394914627075,0.8742199540138245,0.5037626028060913,0.5000194907188416,0.4978125393390656,0.6311736106872559,0.3592645525932312,0.8011079430580139,0.5043719410896301,0.4995097815990448,0.8356815576553345,0.5023780465126038,0.5328787565231323,0.5001409053802489,0.5013434886932373,0.6064561605453491,0.5005478858947754,0.5677340030670166,0.5036206841468811,0.7946043610572815,0.5590833425521851,1
54,0.5050195455551147,0.5035213232040405,0.5004770159721375,0.4992070496082306,0.6410422325134277,0.5002408623695374,0.853948175907135,0.5034345388412476,0.500019907951355,0.49778813123703003,0.631104588508606,0.36009281873703003,0.8010717630386353,0.5043886303901672,0.4995099902153015,0.8303662538528442,0.502398669719696,0.5328921675682068,0.5000766515731812,0.5013545155525208,0.61745685338974,0.5002946853637695,0.5680297613143921,0.5035979747772217,0.8501484990119934,0.5606486797332764,1
55,0.5050951242446899,0.5035262107849121,0.5004780888557434,0.4992046058177948,0.6410605311393738,0.5002394318580627,0.8547269105911255,0.5034266114234924,0.5000208020210266,0.4977907836437225,0.631114661693573,0.36002036929130554,0.801061749458313,0.5043880939483643,0.4995096921920776,0.8065271377563477,0.5024057030677795,0.5329341888427734,0.5000856518745422,0.5013548731803894,0.6167600154876709,0.5002933740615845,0.5680030584335327,0.5035760998725891,0.8481135368347168,0.5604055523872375,1
56,0.5074783563613892,0.5035154223442078,0.5004233717918396,0.4991297125816345,0.6409105062484741,0.5002537369728088,0.7166784405708313,0.5024446249008179,0.5000199675559998,0.4977462589740753,0.6310306787490845,0.35969477891921997,0.8013095259666443,0.5043393969535828,0.4995168447494507,0.8562723398208618,0.5025231838226318,0.5329415798187256,0.5000898838043213,0.5013160109519958,0.6066089272499084,0.5002222061157227,0.5681269764900208,0.5038851499557495,0.6511521935462952,0.5647860765457153,1
57,0.5075061321258545,0.5035475492477417,0.500421941280365,0.4991695880889893,0.6409198641777039,0.5002553462982178,0.8246097564697266,0.5024837851524353,0.5000200271606445,0.4977439343929291,0.6310253739356995,0.3596312999725342,0.8012248873710632,0.5043309330940247,0.4995174109935761,0.8220998048782349,0.5024740695953369,0.5329599380493164,0.5000958442687988,0.5013149380683899,0.6058418154716492,0.5002866983413696,0.5680191516876221,0.5038589835166931,0.7871352434158325,0.564206600189209,1
58,0.5073798298835754,0.5035296082496643,0.5004165172576904,0.49927234649658203,0.6409002542495728,0.5002610087394714,0.7653670310974121,0.5029041171073914,0.5000167489051819,0.4977449476718903,0.6310274600982666,0.3596625626087189,0.8012937307357788,0.5043365359306335,0.4995189607143402,0.8140050172805786,0.5022111535072327,0.5328937768936157,0.5000947117805481,0.5012996792793274,0.606002688407898,0.5002996325492859,0.5680269598960876,0.5038990378379822,0.8259488940238953,0.5671281814575195,1
59,0.5074514150619507,0.5035420656204224,0.5004093647003174,0.4992637932300568,0.640918493270874,0.5002622008323669,0.7932715415954591,0.5029550790786743,0.5000161528587341,0.4977415800094605,0.6310216784477234,0.3596777021884918,0.8012848496437073,0.5043411254882812,0.4995192289352417,0.7593700885772705,0.502189576625824,0.5328894853591919,0.5000874996185303,0.5013186931610107,0.6055765748023987,0.5002939105033875,0.5679929852485657,0.5039113759994507,0.8095226287841797,0.5617119073867798,1
60,0.5065743327140808,0.5033839941024779,0.5004920959472656,0.4991461038589478,0.6410040855407715,0.5002456903457642,0.8156971335411072,0.5034026503562927,0.5000192523002625,0.4977883696556091,0.6310940980911255,0.35897424817085266,0.8011853694915771,0.5043931007385254,0.4995188415050506,0.6563693881034851,0.5024189352989197,0.5329181551933289,0.5001479387283325,0.5013280510902405,0.6096397638320923,0.5004596114158629,0.5675384998321533,0.5038129687309265,0.8625606298446655,0.5588430166244507,1
61,0.5064874291419983,0.5033285021781921,0.5004512071609497,0.4991406798362732,0.6411391496658325,0.5002569556236267,0.16386160254478455,0.5040647387504578,0.500015139579773,0.4978481531143189,0.6312188506126404,0.3593074679374695,0.8009812831878662,0.5043781995773315,0.4995130598545074,0.1510300487279892,0.5024815201759338,0.5331978797912598,0.5001125931739807,0.5013853907585144,0.6092354655265808,0.5002485513687134,0.5682676434516907,0.5038999319076538,0.1785246878862381,0.559205174446106,1
62,0.5048266649246216,0.5035881996154785,0.500386655330658,0.4991952180862427,0.6412453055381775,0.5002619028091431,0.14918377995491028,0.5031658411026001,0.5000151991844177,0.4977840185165405,0.6309902667999268,0.3589763343334198,0.8011748790740967,0.5043337941169739,0.4995098114013672,0.16312265396118164,0.5026822686195374,0.5329383611679077,0.5000067949295044,0.5014696717262268,0.6048217415809631,0.5002209544181824,0.5681599378585815,0.5038440823554993,0.14496350288391113,0.5592340230941772,0
63,0.5048965215682983,0.5035746693611145,0.500385582447052,0.4992008209228516,0.6412150263786316,0.5002620816230774,0.14377591013908386,0.5031582117080688,0.5000140070915222,0.4977796673774719,0.630993664264679,0.3588826358318329,0.8012096881866455,0.5043322443962097,0.4995105266571045,0.1707722246646881,0.5027224421501161,0.5328680872917175,0.5000113248825073,0.5014671683311462,0.6047623753547668,0.5002173781394958,0.5681949257850647,0.5038897395133972,0.1470576524734497,0.5593904256820679,0
64,0.5052567720413208,0.5034139156341553,0.5004206895828247,0.4992265403270722,0.6410717368125916,0.5002533793449402,0.4854882061481476,0.5033835172653198,0.5000137686729431,0.4978023767471314,0.6311497092247009,0.3593478202819824,0.8012895584106445,0.5043396353721619,0.4995113909244538,0.25907114148139954,0.5023876428604126,0.533035397529602,0.5001056194305421,0.5013595223426819,0.6052746176719666,0.5004928112030029,0.5677598714828491,0.5038598775863647,0.4189103841781616,0.5586876273155212,0
65,0.5052458643913269,0.5034167766571045,0.5004279017448425,0.4992270171642304,0.6410557627677917,0.5002533197402954,0.495156079530716,0.503367006778717,0.5000129342079163,0.4978000521659851,0.6311438679695129,0.3594079911708832,0.801295280456543,0.5043396353721619,0.4995114505290985,0.3016481995582581,0.5023836493492126,0.5330138802528381,0.5001067519187927,0.5013644695281982,0.6057743430137634,0.5004937648773193,0.5677803754806519,0.5038819313049316,0.22969713807106015,0.5589261054992676,0
66,0.5054391026496887,0.5032755732536316,0.5004167556762695,0.4991999566555023,0.6412448287010193,0.5002582073211671,0.6461344957351685,0.5035783648490906,0.5000123381614685,0.4977968633174896,0.6311595439910889,0.3594463467597961,0.8013224005699158,0.5043981075286865,0.4995183646678925,0.3714366257190704,0.502321720123291,0.5323042869567871,0.5001785159111023,0.5013217329978943,0.6065941452980042,0.5003736615180969,0.5676953792572021,0.5041807889938354,0.6307897567749023,0.5589346289634705,0
67,0.5071113109588623,0.5034639239311218,0.5003749728202821,0.4991997182369232,0.6412424445152283,0.5002672076225281,0.13935305178165436,0.5033848285675049,0.5000061392784119,0.4978674054145813,0.6311715245246887,0.3590326607227325,0.8009018898010254,0.5043721795082092,0.4995122253894806,0.1606861650943756,0.5024001002311707,0.5324625372886658,0.5001906156539917,0.5013806223869324,0.6012566685676575,0.5003040432929993,0.5680362582206726,0.5039193034172058,0.7193433046340942,0.5578383803367615,0
68,0.5055252909660339,0.5033421516418457,0.5004299879074097,0.499264657497406,0.6411799192428589,0.5002424120903015,0.5453420281410217,0.5034917593002319,0.500005304813385,0.497797429561615,0.631146252155304,0.35883110761642456,0.8012136220932007,0.5043454766273499,0.4995144307613373,0.19693361222743988,0.5024312734603882,0.532837450504303,0.5000958442687988,0.5012877583503723,0.6098286509513855,0.5004198551177979,0.5676504373550415,0.5036296248435974,0.4499107897281647,0.5591329336166382,0
69,0.5063772797584534,0.5033195614814758,0.5004192590713501,0.4991336464881897,0.6411422491073608,0.5002552270889282,0.15266713500022888,0.5034513473510742,0.5000089406967163,0.4979004263877869,0.6312294006347656,0.3591378331184387,0.800647497177124,0.5043766498565674,0.4995219707489014,0.13573361933231354,0.5024437308311462,0.5325863957405089,0.5001511573791504,0.5012819766998291,0.6083492636680603,0.5002320408821106,0.5680106282234192,0.5039010643959045,0.19576574862003326,0.5580336451530457,0
70,0.5064187049865723,0.5034176111221313,0.5004667043685913,0.4991014003753662,0.6413562893867493,0.5002539157867432,0.1378840208053589,0.5028656721115112,0.5000115633010864,0.4978528618812561,0.6312225461006165,0.35944390296936035,0.8009329438209534,0.5043633580207825,0.4995183944702149,0.12339109182357788,0.5024143457412721,0.5330044031143188,0.5001065731048584,0.5012633204460144,0.6094808578491211,0.5002047419548035,0.5679402947425842,0.5039013028144836,0.18020741641521454,0.5637983679771423,0
71,0.5056570172309875,0.5036594271659851,0.5004560351371765,0.499123603105545,0.6413612365722656,0.5002614855766296,0.21331572532653809,0.5035454034805298,0.5000155568122864,0.4979062378406525,0.6311584115028381,0.3577962815761566,0.8009320497512817,0.5043777823448181,0.4995180070400238,0.17927250266075134,0.5023232698440552,0.5330317616462708,0.5001337528228761,0.5014415979385376,0.6056138277053833,0.5003515481948853,0.5680239796638489,0.5039812326431274,0.4019498825073242,0.5598916411399841,0
72,0.505650520324707,0.5036556124687195,0.5004556179046631,0.4991219341754913,0.6413547396659851,0.5002602934837341,0.19473211467266088,0.5035673379898071,0.5000161528587341,0.4978809654712677,0.6311593055725098,0.3577691912651062,0.8010217547416687,0.5043785572052002,0.4995175898075104,0.18487122654914856,0.5023301243782043,0.5330693721771239,0.5001320242881775,0.5014532804489136,0.6057077050209045,0.500353217124939,0.5680225491523743,0.5039369463920593,0.4225494861602783,0.5597040057182312,0
73,0.5063167214393616,0.5034401416778564,0.5004891157150269,0.499259889125824,0.6410712599754333,0.5002407431602478,0.18339022994041448,0.5034669637680054,0.5000027418136597,0.4977140128612518,0.6310737133026123,0.35917171835899353,0.8014389872550964,0.5043513178825378,0.4995156824588776,0.2731965780258179,0.5024277567863464,0.5327799320220947,0.5000503063201904,0.5014305710792542,0.612831175327301,0.5003647208213806,0.5679082274436951,0.5037567019462585,0.19752956926822665,0.5593238472938538,0
74,0.5063461661338806,0.5034365653991699,0.5004868507385254,0.4992557466030121,0.6410555243492126,0.5002402663230896,0.17274722456932068,0.503473699092865,0.5000040531158447,0.4977133870124817,0.6310743093490601,0.3591260612010956,0.8014307618141174,0.5043517351150513,0.4995156824588776,0.16463962197303772,0.5024269819259644,0.5327905416488647,0.5000498294830322,0.5014303326606749,0.6127119064331055,0.5003721714019775,0.5679305791854858,0.5037472844123839,0.17110319435596466,0.559479832649231,0
75,0.5055434703826904,0.5035487413406372,0.5005011558532715,0.4992260634899139,0.6412819623947144,0.5002290606498718,0.33842945098876953,0.5032935738563538,0.5000048279762268,0.4979000091552734,0.6311878561973572,0.35794690251350403,0.800949215888977,0.5043679475784302,0.4995108544826508,0.14590118825435638,0.5024011135101318,0.5332094430923462,0.5001187920570374,0.5015935897827148,0.6119014024734497,0.5004516839981079,0.5678849816322327,0.5037404894828796,0.8407506346702576,0.5605022311210632,0
76,0.5075699090957642,0.5034139156341553,0.5004445314407349,0.4992195665836334,0.6412158608436584,0.5002616047859192,0.29413658380508423,0.5031083226203918,0.5000026226043701,0.4978550672531128,0.631140410900116,0.3595679998397827,0.8012012243270874,0.5043416619300842,0.4995097219944,0.1559220850467682,0.5023701786994934,0.5327045917510986,0.5001426339149475,0.5013684630393982,0.6051828861236572,0.5007657408714294,0.5677767992019653,0.5038251280784607,0.7531250715255737,0.5592798590660095,0
77,0.5065405964851379,0.5033089518547058,0.5004119277000427,0.4992349743843079,0.6411296129226685,0.5002571940422058,0.4246337413787842,0.5040702223777771,0.500000536441803,0.4977349936962128,0.6311361193656921,0.3579198718070984,0.8014537692070007,0.5043640732765198,0.4995267987251282,0.5149637460708618,0.5024882555007935,0.5323030948638916,0.5001449584960938,0.5013677477836609,0.6049809455871582,0.5004608631134033,0.5678357481956482,0.5045985579490662,0.16395050287246704,0.5588701367378235,0
78,0.5064964890480042,0.5033982992172241,0.5004837512969971,0.4992523789405823,0.6412696242332458,0.5002728700637817,0.4281327426433563,0.5038272142410278,0.5000050067901611,0.497799813747406,0.6311504244804382,0.35942092537879944,0.8014799952507019,0.504348874092102,0.4995137155056,0.19336019456386566,0.5025150775909424,0.5327699184417725,0.5001435279846191,0.5015547275543213,0.610795795917511,0.5004203319549559,0.5675502419471741,0.5040203332901001,0.8471828699111938,0.5583059787750244,0
79,0.5050607919692993,0.5034847855567932,0.5004103779792786,0.4992560148239136,0.6412235498428345,0.5002734661102295,0.1486019343137741,0.5031061768531799,0.5000026226043701,0.4977341890335083,0.6311396360397339,0.3593043684959412,0.8015044331550598,0.5043247938156128,0.4995096027851105,0.14504285156726834,0.5026519298553467,0.5326873660087585,0.5000740885734558,0.5013912320137024,0.6028914451599121,0.5002748966217041,0.5678402185440063,0.5039685368537903,0.16663677990436554,0.5598865151405334,0
80,0.5057182312011719,0.5034224390983582,0.5003993511199951,0.4992665350437164,0.6412921547889711,0.5002784729003906,0.14579229056835175,0.5031840801239014,0.5000010132789612,0.4977448284626007,0.6311992406845093,0.3591797649860382,0.8014987111091614,0.5043243169784546,0.4995096027851105,0.16236932575702667,0.5026462674140929,0.5326320528984071,0.5000977516174316,0.5013585090637207,0.6024815440177917,0.500296950340271,0.567809522151947,0.5039727091789246,0.1748676747083664,0.5598328709602356,0
81,0.5069026350975037,0.5033332109451294,0.5005128383636475,0.4992336630821228,0.6410049200057983,0.5002402067184448,0.3859073519706726,0.5030513405799866,0.5000093579292297,0.4977919161319733,0.6312013864517212,0.35904383659362793,0.8015367388725281,0.5043783783912659,0.4995099604129791,0.4728526473045349,0.5023152828216553,0.5327609181404114,0.5001466274261475,0.5013742446899414,0.6093205809593201,0.5003010034561157,0.5680050849914551,0.5038828849792479,0.5198872089385986,0.558999240398407,0
82,0.5057544112205505,0.5034999251365662,0.5003992915153503,0.4992549419403076,0.6410853266716003,0.5002558827400208,0.2257757931947708,0.5036206841468811,0.500000536441803,0.497745007276535,0.6310580372810364,0.3590407073497772,0.8016422390937805,0.5043448805809021,0.4995150864124298,0.14991436898708346,0.5024526119232178,0.5325036644935608,0.5000889301300049,0.5015403032302856,0.6055369973182678,0.5003175139427185,0.5678829550743103,0.5039966106414795,0.23382070660591125,0.5590900182723999,0
83,0.5063599348068237,0.5033454895019531,0.500383734703064,0.4992520213127136,0.6410861015319824,0.5002644062042236,0.3452970087528229,0.5032395720481873,0.5000066757202148,0.4978024363517761,0.6311756372451782,0.3588065207004547,0.8014830946922302,0.5043350458145142,0.4995152056217194,0.1618984490633011,0.5025306344032288,0.5327415466308594,0.5001440644264221,0.5012377500534058,0.5986303091049194,0.5004110932350159,0.5678455233573914,0.5040086507797241,0.1537346988916397,0.5591530799865723,0
84,0.5062887668609619,0.5035491585731506,0.5004451870918274,0.4992052018642426,0.6412804126739502,0.5002588629722595,0.13363969326019287,0.5034207105636597,0.50001060962677,0.4977700114250183,0.6311412453651428,0.3594731092453003,0.801408052444458,0.5043439269065857,0.4995186030864716,0.1655202955007553,0.5026325583457947,0.5329263806343079,0.5000514388084412,0.5014459490776062,0.6076496839523315,0.5002488493919373,0.5679887533187866,0.5038943290710449,0.39169782400131226,0.5584174990653992,0
85,0.5060715079307556,0.5034700036048889,0.5004103183746338,0.499227374792099,0.6411190629005432,0.5002750754356384,0.4768478572368622,0.5033777356147766,0.4999900758266449,0.4977865517139435,0.6311367750167847,0.35785388946533203,0.8017026782035828,0.5043590068817139,0.4995167851448059,0.4080536961555481,0.5022406578063965,0.5325232148170471,0.5001653432846069,0.5013667941093445,0.6030572056770325,0.5003988146781921,0.5675324201583862,0.5043266415596008,0.3966549336910248,0.5603251457214355,0
86,0.5041751265525818,0.5034424662590027,0.5003833770751953,0.4992869794368744,0.6410458087921143,0.5002572536468506,0.3330545723438263,0.5035368204116821,0.4999882876873016,0.4977547228336334,0.6310486793518066,0.35989442467689514,0.8016805648803711,0.5042852759361267,0.4995084702968597,0.4439539611339569,0.5023335218429565,0.5324181318283081,0.5000652670860289,0.5014647245407104,0.6036573648452759,0.5006679892539978,0.5677907466888428,0.5038706064224243,0.1467839777469635,0.5594581961631775,0
87,0.5060018301010132,0.503418505191803,0.5003714561462402,0.4990960955619812,0.6411300897598267,0.5002654790878296,0.13112559914588928,0.5020594596862793,0.4999771416187286,0.4977339506149292,0.6310913562774658,0.3595180511474609,0.8020163178443909,0.5042479038238525,0.4995139837265015,0.12847323715686798,0.5023992061614989,0.5323085188865662,0.5001276731491089,0.5013872981071472,0.598253607749939,0.5001652836799622,0.5672026872634888,0.5041207075119019,0.14619898796081546,0.5795730352401733,0
88,0.5054144263267517,0.5033636093139648,0.5003795623779297,0.4991847276687622,0.6410896182060242,0.5002714991569519,0.1960473209619522,0.5035029053688049,0.4999993145465851,0.4978475272655487,0.6311966180801392,0.3589453101158142,0.8010645508766174,0.5043635964393616,0.4995162785053253,0.4700161516666413,0.5022936463356018,0.5325192213058472,0.500108540058136,0.5012385249137878,0.6004966497421265,0.5003297924995422,0.5680089592933655,0.5040674209594727,0.2661976218223572,0.5588685870170593,0
89,0.5073391795158386,0.5035151243209839,0.5004139542579651,0.4992574453353882,0.6412034034729004,0.5002406239509583,0.5468659400939941,0.5035971403121948,0.50001460313797,0.4977921843528748,0.6311719417572021,0.3583023846149445,0.8016837835311891,0.5043236017227173,0.4995106160640717,0.6551523804664612,0.502769410610199,0.5326931476593018,0.5001875162124634,0.5013734698295593,0.6064654588699341,0.5004437565803528,0.5675477981567383,0.503727912902832,0.17499423027038574,0.5596011281013489,0
90,0.5058095455169678,0.5034730434417725,0.5005636215209961,0.4991279244422913,0.6413813233375549,0.5002173185348511,0.1439741998910904,0.5026457309722899,0.5000140070915222,0.4977021217346192,0.631100058555603,0.3599049150943756,0.8017552495002747,0.5043219923973083,0.4995120465755463,0.12865376472473145,0.5027822852134705,0.5327564477920532,0.5001026391983032,0.5015010237693787,0.6189016103744507,0.5003417134284973,0.5670604705810547,0.5039182305335999,0.13703793287277222,0.5668681263923645,0
91,0.5050470232963562,0.5033795833587646,0.5004326105117798,0.4992814958095551,0.64107346534729,0.5002446174621582,0.3339836895465851,0.5033501982688904,0.5000028014183044,0.497747004032135,0.631091296672821,0.3591114580631256,0.8014200329780579,0.5043516755104065,0.4995081722736359,0.17482730746269226,0.5024020075798035,0.5329273343086243,0.5001274347305298,0.5013812780380249,0.6074568629264832,0.5004947781562805,0.5676970481872559,0.5039663910865784,0.22302941977977755,0.5586307048797607,0
92,0.5055126547813416,0.5033626556396484,0.5004019737243652,0.4992944300174713,0.6411484479904175,0.5002508759498596,0.2628841996192932,0.5033971071243286,0.4999895989894867,0.4977580010890961,0.6311385631561279,0.3585535287857056,0.8015331029891968,0.5043421387672424,0.4995121657848358,0.1585548371076584,0.5024355053901672,0.5326020121574402,0.5001580715179443,0.5013312101364136,0.6034086346626282,0.5005019307136536,0.5676431655883789,0.5041155219078064,0.2369478940963745,0.5586227774620056,0
93,0.5047821402549744,0.5034107565879822,0.5004990100860596,0.4992054104804993,0.6411919593811035,0.5002443790435791,0.19706527888774872,0.5034270882606506,0.5000090599060059,0.4977448284626007,0.6310704946517944,0.3593416213989258,0.8014365434646606,0.5043599009513855,0.4995100796222687,0.14981667697429654,0.5025308132171631,0.532440185546875,0.5000602602958679,0.5014092326164246,0.6087505221366882,0.5003289580345154,0.5679377317428589,0.5037966370582581,0.26680782437324524,0.5588428378105164,0
94,0.5040206909179688,0.5036872625350952,0.5004183650016785,0.4992409646511078,0.6412134766578674,0.5002526044845581,0.4124818742275238,0.5030551552772522,0.5000093579292297,0.4977973997592926,0.6310510635375977,0.3590425252914429,0.8010166883468628,0.5043606758117676,0.4995141923427582,0.15194076299667358,0.5024015903472899,0.532620906829834,0.5000496506690979,0.5012521147727966,0.6064602732658386,0.5004643201828003,0.5679406523704529,0.5040057897567749,0.6530330777168274,0.5583832859992981,0
95,0.5039436817169191,0.5036846995353699,0.5004143118858337,0.49923667311668396,0.6412381529808044,0.5002546310424805,0.30870839953422546,0.5030881762504578,0.5000085830688477,0.4977977573871613,0.6310506463050842,0.3590324819087982,0.8010077476501465,0.5043619275093079,0.4995144307613373,0.1621706336736679,0.5023918747901917,0.5326452255249023,0.5000488758087158,0.5012469887733461,0.606389582157135,0.5004444718360901,0.5679639577865601,0.5039609670639038,0.7650311589241028,0.5586270093917847,0
96,0.5060571432113647,0.5034226179122925,0.5005462169647217,0.4992092549800873,0.6409697532653809,0.5002473592758179,0.16923558712005615,0.5031611323356628,0.500011146068573,0.4978658258914948,0.6311116814613342,0.3605016469955444,0.8009858727455139,0.5043376684188843,0.499509185552597,0.1429593712091446,0.5024632215499878,0.532893180847168,0.5000979304313661,0.5013290047645569,0.6134535670280457,0.5003519058227539,0.5678173899650574,0.5037435293197632,0.4822148978710175,0.5585849285125732,0
97,0.5060691833496094,0.5034193396568298,0.5005444288253784,0.4992075264453888,0.6409749984741211,0.5002481341362001,0.1465810239315033,0.5031808614730835,0.5000119209289551,0.497862160205841,0.631109893321991,0.3604607284069061,0.8010076880455017,0.5043368935585022,0.4995091259479522,0.13006368279457092,0.5024464726448059,0.5328882336616516,0.5001004934310913,0.5013339519500732,0.6139516234397888,0.5003497600555421,0.5677923560142517,0.5037209391593933,0.6729398965835571,0.5582928657531738,0
98,0.5067920088768005,0.5033735036849976,0.5004417300224304,0.4992347359657288,0.6412235498428345,0.5002476572990417,0.3736494779586792,0.5037916302680969,0.5000110268592834,0.4978515803813934,0.6312439441680908,0.3585977852344513,0.8010640144348145,0.5043662190437317,0.4995128810405731,0.2003631889820099,0.5024507045745851,0.5327627658843994,0.5001521110534668,0.5012962818145752,0.6065752506256104,0.5003371834754944,0.5680040121078491,0.5037921071052551,0.20782630145549771,0.5591913461685181,0
99,0.5075340867042542,0.5034037828445435,0.5003508925437927,0.499308854341507,0.6411923170089722,0.5002787113189697,0.4656844735145569,0.5033148527145386,0.4999772608280182,0.4977064728736877,0.6310552954673767,0.3587108850479126,0.8014751672744751,0.5043487548828125,0.4995183050632477,0.5962242484092712,0.5023545622825623,0.5316063165664673,0.5001402497291565,0.5013062953948975,0.5984832644462585,0.5004158616065979,0.5677852630615234,0.5042319297790527,0.2649052739143372,0.5597249865531921,0
100,0.506914496421814,0.5033575296401978,0.5004222989082336,0.499214768409729,0.641166627407074,0.5002517700195312,0.2212974578142166,0.5034735202789307,0.5000040531158447,0.497740089893341,0.6310819387435913,0.3587816059589386,0.8014823198318481,0.504363477230072,0.499518483877182,0.16427522897720334,0.5025244355201721,0.5325111150741577,0.5001604557037354,0.5012235045433044,0.6016169190406799,0.5004794001579285,0.5679015517234802,0.5039817094802856,0.8549619317054749,0.5590554475784302,0
101,0.5068658590316772,0.5033719539642334,0.5004094243049622,0.4992277324199677,0.6411521434783936,0.5002530813217163,0.15516164898872375,0.5034207105636597,0.5000026226043701,0.4977435469627381,0.6310811042785645,0.35869598388671875,0.8014514446258545,0.5043579339981079,0.4995192587375641,0.20277976989746094,0.5025182962417603,0.5324387550354004,0.5001599192619324,0.5012602806091309,0.6015864610671997,0.5004776120185852,0.5678632855415344,0.503970205783844,0.844954788684845,0.5592794418334961,0
102,0.5069453716278076,0.5033592581748962,0.5004156231880188,0.4992062151432037,0.6412038207054138,0.5002533793449402,0.13460026681423187,0.5035060644149779,0.5000025033950806,0.4977462291717529,0.6310848593711853,0.35858824849128723,0.8014517426490784,0.5043621659278871,0.4995190799236298,0.15305061638355255,0.5025056600570679,0.5323078632354736,0.5001661777496338,0.5012534260749817,0.6011914014816284,0.5005149841308594,0.5678662657737732,0.5039815902709961,0.8469223380088806,0.559170126914978,0
103,0.507159411907196,0.5034492611885071,0.5005168318748474,0.4992020726203919,0.6410911679267883,0.5002430677413939,0.19277748465538025,0.5034837126731873,0.5000094175338745,0.4978671371936798,0.6312680244445801,0.35951492190361023,0.8009723424911499,0.504359245300293,0.49950787425041204,0.2166767418384552,0.5024132132530212,0.5328976511955261,0.5001071691513062,0.501345157623291,0.6082924008369446,0.5003334879875183,0.5678391456604004,0.5037110447883606,0.7678356766700745,0.5587838292121887,0
104,0.5055118203163147,0.5034605860710144,0.5005070567131042,0.4992559254169464,0.6412460803985596,0.5002347826957703,0.19218505918979645,0.5034137964248657,0.500010073184967,0.4978670179843903,0.6311147212982178,0.3597497642040253,0.8009064197540283,0.5043498873710632,0.4995130002498626,0.17395825684070587,0.5024122595787048,0.5329999923706055,0.5001041889190674,0.5014042854309082,0.6138148903846741,0.5002724528312683,0.5676056146621704,0.5037199258804321,0.14966517686843872,0.5645791888237,0
105,0.5055185556411743,0.5034841895103455,0.5005145072937012,0.4992383122444153,0.6411987543106079,0.5002344250679016,0.2598332762718201,0.5034324526786804,0.5000103116035461,0.4978335797786713,0.6311118006706238,0.3598215579986572,0.8009787797927856,0.5043753981590271,0.4995136559009552,0.14646664261817932,0.5025320649147034,0.5326175093650818,0.5000902414321899,0.5014466643333435,0.6132185459136963,0.5002875328063965,0.5679308176040649,0.5037116408348083,0.1432722806930542,0.5597711801528931,0
106,0.5053261518478394,0.503484308719635,0.5004871487617493,0.4992660284042358,0.6413754820823669,0.5002521276473999,0.3507250249385834,0.503298282623291,0.4999907612800598,0.4977109134197235,0.6311215162277222,0.35908859968185425,0.8015048503875732,0.5043476223945618,0.4995137155056,0.16499164700508118,0.5024378895759583,0.5330111384391785,0.5000535845756531,0.5013409852981567,0.6101430058479309,0.5003018379211426,0.5677952170372009,0.5039685368537903,0.14480003714561462,0.5615183711051941,0
107,0.5087612271308899,0.5033882260322571,0.5004460811614989,0.4991797208786011,0.6412385702133179,0.5002537965774536,0.1341179758310318,0.5034247040748596,0.5000130534172058,0.497759610414505,0.6311354041099548,0.3591633141040802,0.8016455769538879,0.5043585300445557,0.4995094537734986,0.14880721271038055,0.5025762915611267,0.5328923463821411,0.5002313256263733,0.5014154911041261,0.6073052883148193,0.5002335906028748,0.5681546330451965,0.5038647651672363,0.14818018674850464,0.5584076046943665,0
108,0.5086118578910828,0.5033945441246033,0.5004296898841858,0.4991939961910248,0.6412289142608643,0.5002590417861938,0.13001219928264618,0.5034237504005432,0.5000110864639282,0.4977537989616394,0.6311268806457521,0.35896560549736023,0.8017276525497437,0.5043537020683289,0.4995113909244538,0.18056942522525787,0.5025178790092468,0.5329068303108215,0.5002152323722839,0.501431941986084,0.604381799697876,0.5002318024635315,0.5681794881820679,0.5039527416229248,0.2444799542427063,0.5584490895271301,0
109,0.5090700387954712,0.5033673644065857,0.5004332661628723,0.4992070198059082,0.6412526965141296,0.5002585649490356,0.13480888307094574,0.5034250020980835,0.5000113248825073,0.4977478384971618,0.631131649017334,0.3589215576648712,0.8017942309379578,0.5043514370918274,0.4995122253894806,0.18128274381160736,0.5025655627250671,0.5328216552734375,0.5002177953720093,0.5014427900314331,0.6044397950172424,0.500230610370636,0.5681613683700562,0.5040126442909241,0.19627411663532254,0.5585806369781494,0
110,0.5062274336814879,0.5033428668975829,0.5004767179489136,0.4991266131401062,0.6411125063896179,0.5002632141113281,0.13304917514324188,0.5034373998641968,0.5000166296958923,0.4977786242961884,0.631234347820282,0.3594377338886261,0.8014465570449829,0.5043384432792664,0.4995104372501373,0.17862819135189054,0.5026025176048279,0.5329119563102722,0.5001301169395447,0.5014064311981201,0.6076357960700989,0.5002533197402954,0.568077027797699,0.5038037300109863,0.13341394066810608,0.5591448545455933,0
111,0.5062489509582521,0.5033333301544191,0.5004648566246033,0.4991232752799988,0.64116370677948,0.5002629160881042,0.18929119408130649,0.5035602450370789,0.5000168085098267,0.4978127181529999,0.6312350034713745,0.3593287169933319,0.8013234734535217,0.5043384432792664,0.4995106160640717,0.1430942565202713,0.5025702118873596,0.5329310894012451,0.5001231431961061,0.5013284087181091,0.6068708896636963,0.5002591609954834,0.5680684447288513,0.5037936568260193,0.12744121253490448,0.559097945690155,0
112,0.5067799687385559,0.5033276081085205,0.5004274845123291,0.4991183578968048,0.6413061022758484,0.5002836585044861,0.1630197912454605,0.5038696527481079,0.5000047087669373,0.4978621006011963,0.6312572956085205,0.35892441868782043,0.801030695438385,0.5043435096740723,0.4995168447494507,0.1538802683353424,0.5026057362556458,0.5324908494949341,0.5001481771469116,0.5013639330863953,0.6038957238197327,0.5002734065055847,0.5680996179580688,0.5040159225463867,0.14198161661624908,0.5580956339836121,0
113,0.5066092014312744,0.5033302307128906,0.5004205703735352,0.4991391599178314,0.6412768363952637,0.5002852082252502,0.1266869157552719,0.5038239955902101,0.5000045895576477,0.4978608787059784,0.6312499046325684,0.35886403918266296,0.8010684251785278,0.5043421387672424,0.4995162189006805,0.14487884938716888,0.5026169419288635,0.5324447154998779,0.5001446008682251,0.5013772249221802,0.6030991077423096,0.5002737045288086,0.5679985880851746,0.5040087699890137,0.1303299218416214,0.5586977601051331,0
114,0.5118841528892517,0.503291130065918,0.5004048347473145,0.4991936981678009,0.641008198261261,0.5002881288528442,0.4333614706993103,0.5035815834999084,0.5000124573707581,0.4978070855140686,0.6312276124954224,0.3595223128795624,0.8016500473022461,0.5043739080429077,0.499514251947403,0.359799325466156,0.5024451017379761,0.5328143239021301,0.5002149343490601,0.5012502074241638,0.6042270660400391,0.5003185868263245,0.5680246353149414,0.5040311217308044,0.6911813616752625,0.558761477470398,0
115,0.5068811178207397,0.5032912492752075,0.5004352331161499,0.4991682469844818,0.6411643028259277,0.5002691149711609,0.2384767085313797,0.5033607482910156,0.5000067949295044,0.497837245464325,0.6312717795372009,0.3593645989894867,0.8013191819190979,0.504364013671875,0.4995076656341553,0.2032671719789505,0.5025448203086853,0.5329865217208862,0.5001916885375977,0.5013123750686646,0.6065864562988281,0.5002982020378113,0.5679817795753479,0.5039255023002625,0.16534015536308289,0.5591845512390137,0
116,0.5072869062423706,0.5034270882606506,0.5004145503044128,0.499200314283371,0.6411840319633484,0.5002480149269104,0.201473668217659,0.5031619668006897,0.5000137090682983,0.4978055655956268,0.6311544179916382,0.3588082790374756,0.8012533187866211,0.5043715238571167,0.4995139539241791,0.14852836728096008,0.5025357604026794,0.532923698425293,0.50013267993927,0.5011830329895021,0.6068601012229919,0.5003054141998291,0.5681090950965881,0.5038529634475708,0.5661184787750244,0.5586584210395813,0
117,0.5074397921562195,0.5033823251724243,0.5004392266273499,0.4992538690567017,0.6411958932876587,0.5002551674842834,0.6210970878601074,0.5036361813545227,0.5000039935112001,0.4978381395339966,0.6311084032058716,0.3581650257110596,0.8013408780097961,0.5043355226516724,0.499521940946579,0.5297477245330809,0.5025255084037781,0.5326302051544191,0.5001791715621948,0.5014183521270752,0.6004000306129456,0.5008315443992615,0.5674591064453125,0.5040548443794249,0.8299591541290283,0.5592141151428223,0
118,0.5057116150856018,0.5033915638923645,0.5003766417503357,0.4991989135742188,0.6413190364837646,0.50026935338974,0.7296776771545409,0.5038917660713196,0.4999858140945434,0.4978614151477814,0.6313230991363525,0.35787931084632874,0.8016861081123352,0.5043710470199585,0.4995195269584656,0.4288837015628815,0.5024774670600891,0.5318316221237183,0.5002070665359497,0.5013829469680786,0.5976086854934692,0.5003690123558044,0.5679152011871338,0.504106879234314,0.833052396774292,0.5596116781234741,1
119,0.506971538066864,0.5033904314041138,0.5004114508628845,0.4992075860500336,0.641089141368866,0.5002560019493103,0.808965265750885,0.5034936666488647,0.5000074505805969,0.4978723526000977,0.6311919689178467,0.3584281504154205,0.8010583519935608,0.5043839812278748,0.4995157718658447,0.7410737872123718,0.5026411414146423,0.5324994921684265,0.5002092123031616,0.5013300180435181,0.6063135862350464,0.5002666711807251,0.5679560303688049,0.5037559270858765,0.8180875182151794,0.5589216351509094,1
120,0.5066326260566711,0.5033673644065857,0.5003799200057983,0.4992144107818604,0.6411548256874084,0.5002667307853699,0.7674611210823059,0.5037568807601929,0.4999967813491821,0.4977894425392151,0.6311337947845459,0.35865268111228943,0.8012360930442809,0.5043860673904419,0.4995211958885193,0.433046817779541,0.5025059580802917,0.531677782535553,0.5001541376113892,0.5014209747314453,0.6072540879249573,0.5003337860107422,0.5679312348365784,0.5042937994003296,0.7022652626037598,0.5585423707962036,1
121,0.5063909292221069,0.5033671855926514,0.5003787875175476,0.4992120563983917,0.6411529779434204,0.5002709627151489,0.8479282259941101,0.5038066506385803,0.4999955594539642,0.4977795481681824,0.6311214566230774,0.3585949242115021,0.8012394309043884,0.5043836832046509,0.4995207190513611,0.6276881694793701,0.5025249123573303,0.5318490266799927,0.5001447796821594,0.5014292001724243,0.6064947843551636,0.5003523230552673,0.5679277777671814,0.5043027997016907,0.797921895980835,0.5585076808929443,1
122,0.5058915615081787,0.5035014152526855,0.5003851056098938,0.4993031322956085,0.6414539217948914,0.5002772212028503,0.8128360509872437,0.5033658742904663,0.4999919831752777,0.4977739453315735,0.631171464920044,0.35872966051101685,0.801369309425354,0.5043290853500366,0.4995143115520477,0.7978039979934692,0.5024238228797913,0.5325422286987305,0.5000839233398438,0.5012995004653931,0.6029612421989441,0.5004830360412598,0.5671687722206116,0.5040491223335266,0.8184259533882141,0.5615324974060059,1
123,0.5063785314559937,0.5035039782524109,0.5004686117172241,0.4992232024669647,0.6411245465278625,0.5002595782279968,0.3358892500400543,0.5036059617996216,0.5000155568122864,0.4978557229042053,0.6311866044998169,0.3598435521125793,0.8009694814682007,0.5043725967407227,0.4995138943195343,0.4128172695636749,0.5023879408836365,0.5328199863433838,0.5001521110534668,0.5015958547592163,0.6097038388252258,0.5004830360412598,0.5678499937057495,0.5038987398147583,0.7824940085411072,0.5580126047134399,1
124,0.5083965063095093,0.5033965110778809,0.500439465045929,0.4992205798625946,0.6412641406059265,0.5002653598785399,0.7788324952125549,0.5037415027618408,0.5000174045562744,0.497812956571579,0.6311493515968323,0.3596695959568024,0.8018204569816589,0.5043146014213562,0.4995064735412598,0.4937730729579926,0.5025069713592529,0.533170223236084,0.5003284811973572,0.5014779567718506,0.6023334860801697,0.5003505349159241,0.5680999159812927,0.5038768053054811,0.5580129623413086,0.5582742691040039,1
125,0.5055513381958008,0.5034966468811035,0.5004767179489136,0.4991914927959442,0.6411184668540955,0.5002515316009521,0.597348690032959,0.5036636590957642,0.500017523765564,0.4977580606937408,0.6311576962471008,0.3598007559776306,0.8012521266937256,0.5043615698814392,0.4995099604129791,0.7011874318122864,0.5023589134216309,0.5331388711929321,0.5000916123390198,0.5014967918395996,0.6068466901779175,0.5003735423088074,0.5679982304573059,0.5036799907684326,0.7235081791877747,0.5589686036109924,1
126,0.5054767131805421,0.5035262107849121,0.500474750995636,0.4992025494575501,0.6411410570144653,0.500254213809967,0.8445232510566711,0.5035764575004578,0.5000177025794983,0.4977650940418243,0.6311376094818115,0.3594641089439392,0.8012080192565918,0.5043606162071228,0.4995106160640717,0.7227405309677124,0.5023226141929626,0.5332223176956177,0.5000876188278198,0.5015318393707275,0.6060874462127686,0.5003793835639954,0.5680115222930908,0.5036713480949402,0.7573893666267395,0.5591955184936523,1
127,0.5086131095886229,0.5033864378929138,0.500439465045929,0.4992125332355499,0.6412141919136047,0.5002771615982056,0.4136992990970612,0.5040764808654785,0.5000092983245851,0.4978502988815308,0.6312568783760071,0.3583181202411652,0.8009496927261353,0.5043584704399109,0.4995177090167999,0.217359721660614,0.5024210214614868,0.5331934690475464,0.5002552270889282,0.5013729333877563,0.6058928966522217,0.5004590153694153,0.5678895115852356,0.5040964484214783,0.6159029603004456,0.5589973330497742,1
128,0.5061060190200806,0.5032948851585388,0.5004459023475647,0.4992000460624695,0.6411061286926271,0.5002729296684265,0.8512358069419861,0.5032671093940735,0.5000092983245851,0.4977237582206726,0.631127655506134,0.35953634977340704,0.8015458583831787,0.5043752789497375,0.4995173513889313,0.5729089379310608,0.5023512840270996,0.5327439308166504,0.5001011490821838,0.5013339519500732,0.6081388592720032,0.5004050731658936,0.5678082108497621,0.5038700103759766,0.8281831741333008,0.5596247911453247,1
129,0.5053249001502991,0.5034672021865845,0.5004205107688904,0.4992479979991913,0.6412782073020935,0.5002747178077698,0.841861367225647,0.5036612749099731,0.5000113844871521,0.4977913796901703,0.6311487555503845,0.35874807834625244,0.801274836063385,0.5043551921844482,0.4995130002498626,0.8110224604606628,0.5023422837257385,0.5326487421989441,0.5001118183135986,0.5014169812202454,0.6053265333175659,0.5005497336387634,0.5677449703216553,0.5042744278907776,0.81314617395401,0.5579015612602234,1
130,0.5057153701782227,0.5033357143402101,0.5003616809844971,0.4992427825927734,0.6411297917366028,0.5002589821815491,0.3980292081832886,0.5034918785095215,0.4999902546405792,0.4976941049098969,0.6311008930206299,0.35804763436317444,0.8015924692153931,0.5043394565582275,0.4995156824588776,0.2779363691806793,0.5024749040603638,0.5319535136222839,0.5000722408294678,0.501454770565033,0.5996615886688232,0.5004878640174866,0.5675830841064453,0.5040366053581238,0.8407588005065918,0.558280348777771,1
131,0.5062626600265503,0.5033076405525208,0.5003286600112915,0.4992364048957825,0.6410860419273376,0.5002642869949341,0.7046624422073364,0.5032695531845093,0.4999926090240479,0.4977318346500397,0.6311328411102295,0.35757312178611755,0.8015180826187134,0.5043359398841858,0.4995174705982208,0.4760427474975586,0.5024326443672179,0.5319684743881226,0.5001152753829956,0.5013557076454163,0.5955164432525635,0.5004292130470276,0.5676963925361633,0.5041986703872681,0.7566856741905212,0.5591191053390503,1
132,0.5051978826522827,0.5033972263336182,0.5005224347114563,0.4992569088935852,0.6412510275840759,0.5002374053001404,0.7343543767929077,0.5033210515975952,0.5000184774398804,0.4978808164596558,0.6311739087104797,0.35996150970458984,0.8009368181228638,0.504355788230896,0.499516636133194,0.5141466856002808,0.5022989511489868,0.5328420996665955,0.5001110434532166,0.5013492703437805,0.6126760244369507,0.5005265474319458,0.5676024556159973,0.5036845803260803,0.8455733656883241,0.5592634081840515,1
133,0.504966139793396,0.5033896565437317,0.5003771781921387,0.4992021322250366,0.6411130428314209,0.5002707839012146,0.30369919538497925,0.5036420822143555,0.4999947845935822,0.4978693127632141,0.6312329173088074,0.35830917954444885,0.8010537624359131,0.5043438076972961,0.4995183050632477,0.14769096672534945,0.5024850964546204,0.532213568687439,0.5001084804534912,0.5013638138771057,0.5995178818702698,0.5002658367156982,0.5679865479469299,0.5040075778961182,0.26752445101737976,0.5592431426048279,1
134,0.5055463314056396,0.5032894015312195,0.5004675388336182,0.4992050230503082,0.6412053108215332,0.5002663731575012,0.7365540266036987,0.5034952163696289,0.5000071525573729,0.4977879524230957,0.6311927437782288,0.3596832752227783,0.8012745976448059,0.5043478608131409,0.4995178878307343,0.6515619158744812,0.5023796558380127,0.5328546762466431,0.5001307129859924,0.5013062357902527,0.6102501153945923,0.5003851652145386,0.5676500797271729,0.5039210915565491,0.85539710521698,0.5586206316947937,1
135,0.5067191123962402,0.5033803582191467,0.5004900693893433,0.4991497397422791,0.6410218477249146,0.5002489686012268,0.7288466691970825,0.5033504962921143,0.5000174045562744,0.4977897703647614,0.6311008930206299,0.359051376581192,0.8011984825134277,0.504393994808197,0.4995190799236298,0.25497156381607056,0.5024014711380005,0.5329450368881226,0.5001497268676758,0.5013543367385864,0.6090501546859741,0.5004557371139526,0.5675650835037231,0.5038391351699829,0.8605084419250488,0.5586019158363342,1
136,0.5058647394180298,0.5034833550453186,0.5004478096961975,0.4992343783378601,0.6411530375480652,0.5002560615539551,0.4067312777042389,0.5036036968231201,0.5000166893005371,0.4977673888206482,0.6311377286911011,0.3598019480705261,0.8014814853668213,0.5043469071388245,0.4995174109935761,0.6661946177482605,0.5026075839996338,0.5335594415664673,0.5000932216644287,0.5014767050743103,0.6089754700660706,0.5003893971443176,0.5681464076042175,0.503887951374054,0.5509994626045227,0.5594736337661743,1
137,0.5074291229248047,0.5033126473426819,0.5004466772079468,0.4991817474365234,0.6411247253417969,0.5002588033676147,0.7970099449157715,0.5035756826400757,0.5000130534172058,0.4978649020195007,0.6312325596809387,0.3596332371234894,0.8010630607604979,0.5043496489524841,0.4995177090167999,0.4995633363723755,0.5026015639305115,0.5329903960227966,0.5001989603042603,0.5012359619140625,0.6075888872146606,0.5003032088279724,0.5682322382926941,0.5039222836494446,0.6733499765396118,0.5585873126983643,0
138,0.5054566264152527,0.5035588145256042,0.5005053877830505,0.4992234408855438,0.641290009021759,0.5002295970916748,0.31224769353866577,0.5032474398612976,0.5000056028366089,0.4978948533535004,0.6311861872673035,0.3580016791820526,0.8009341359138489,0.5043666958808899,0.4995103776454926,0.14793550968170166,0.5023965239524841,0.5332479476928711,0.5001210570335388,0.5015752315521239,0.6116101145744324,0.5004379749298096,0.5678490996360779,0.503725528717041,0.8507620096206665,0.5605921745300293,0
139,0.5049351453781128,0.5034884810447693,0.5004332065582275,0.4992175102233887,0.6411448121070862,0.5002753734588623,0.5544018149375916,0.503733217716217,0.4999946057796478,0.4978298544883728,0.6310847997665405,0.35924699902534485,0.8010566830635071,0.5043455958366394,0.4995160400867462,0.7038366198539734,0.5023570656776428,0.5325925946235657,0.4999904036521912,0.501548707485199,0.6049795746803284,0.5003191232681274,0.5680410265922546,0.5043428540229797,0.750354528427124,0.5590375065803528,0
140,0.5065537691116333,0.5033400654792786,0.5004898905754089,0.4992352724075317,0.641014814376831,0.5002453923225403,0.457095205783844,0.5036709308624268,0.500012218952179,0.4977982938289642,0.6311823129653931,0.3590241074562073,0.8014505505561829,0.5043787956237793,0.4995109140872955,0.19177749752998352,0.5024269223213196,0.5328136086463928,0.5001424551010132,0.5013857483863831,0.6090257167816162,0.5002897381782532,0.5680122971534729,0.5038993358612059,0.7286919951438904,0.5591226816177368,0
141,0.5070986151695251,0.5033359527587891,0.5004428625106812,0.4991634786128998,0.641164243221283,0.5002394914627075,0.8411679267883301,0.5035592913627625,0.5000132322311401,0.4978308379650116,0.6311547756195068,0.3594389259815216,0.8010560870170593,0.5043932795524597,0.4995137751102448,0.7680554389953613,0.5023797154426575,0.5325573086738586,0.5002304911613464,0.501373291015625,0.6039074063301086,0.5004632472991943,0.5673949718475342,0.5037524104118347,0.8232691287994385,0.5584301948547363,0
142,0.5056411027908325,0.5032955408096313,0.5004997253417969,0.4992037117481232,0.6411563754081726,0.5002509951591492,0.2614966034889221,0.5034219622612001,0.5000094771385193,0.4978702068328858,0.6312257647514343,0.35957515239715576,0.8008362054824829,0.5043612122535706,0.4995165765285492,0.4516555368900299,0.5023741722106934,0.5330614447593689,0.5001819729804993,0.5013061761856079,0.6064577102661133,0.5003279447555542,0.5677313804626465,0.5040993094444275,0.851647675037384,0.5600817203521729,0
143,0.5103318691253662,0.5035006999969482,0.5004475712776184,0.4992368817329407,0.6413225531578064,0.5002675056457521,0.7967050075531006,0.503632128238678,0.5000013113021851,0.4977946281433106,0.631233274936676,0.35820016264915466,0.8015947937965393,0.5043765306472778,0.4995143115520477,0.5253563523292542,0.5023132562637329,0.5329494476318359,0.5001854300498962,0.5013312697410583,0.6031598448753357,0.5004258751869202,0.5678614974021912,0.5038892030715942,0.8513200283050537,0.5591446757316589,0
144,0.5056532621383667,0.5033797025680542,0.5004751086235046,0.4991933107376098,0.6411535143852234,0.5002498030662537,0.7759122848510742,0.5035074949264526,0.5000183582305908,0.4977676570415497,0.6311948299407959,0.3592507541179657,0.8016064763069153,0.5043734312057495,0.4995122253894806,0.4522415101528168,0.5024058222770691,0.5333685278892517,0.5001811981201172,0.5013966560363771,0.6092426180839539,0.5002968907356262,0.5680708289146423,0.5037782192230225,0.7860882878303528,0.5589151978492737,0
145,0.5052716732025146,0.5034056901931763,0.5004280209541321,0.4991481602191925,0.6411075592041016,0.5002566576004028,0.13735881447792053,0.5034700036048889,0.5000051856040955,0.4978088140487671,0.6311740279197693,0.3594568073749542,0.8011680245399475,0.5043701529502869,0.4995126724243164,0.34017851948738104,0.5023433566093445,0.5326570868492126,0.5000875592231749,0.5012970566749573,0.6053338050842285,0.5002982616424559,0.5679886937141418,0.5039058327674866,0.4104229509830475,0.5585600733757019,0
146,0.5065210461616516,0.5035371780395508,0.5004513859748839,0.4992486536502838,0.6411738991737366,0.5002351999282837,0.4449353516101837,0.5036710500717163,0.5000187158584595,0.4977638423442841,0.631132960319519,0.35926494002342224,0.8016542792320251,0.5043259263038635,0.4995081722736359,0.7711883783340454,0.5027837753295898,0.5328658819198608,0.5001687407493591,0.5013901591300964,0.6084617376327515,0.5004664659500122,0.5675755143165588,0.5036625266075134,0.3566936254501343,0.5588806867599487,0
147,0.5056453943252563,0.5034308433532715,0.5005006790161133,0.4991936981678009,0.6413198113441467,0.5002630352973938,0.15265882015228271,0.5032314658164978,0.4999943673610687,0.4977406561374664,0.6311308741569519,0.35840773582458496,0.8015652298927307,0.5043596029281616,0.4995227456092834,0.209563672542572,0.5024628639221191,0.5323194265365601,0.5001132488250732,0.5015379190444946,0.6061529517173767,0.5002721548080444,0.5681378245353699,0.5039748549461365,0.6758056282997131,0.5589655041694641,0
148,0.5046526193618774,0.5034512877464294,0.5005089640617371,0.4992268681526184,0.6412123441696167,0.5002444386482239,0.4514520466327667,0.5035468935966492,0.5000166296958923,0.4978047311306,0.6311516165733337,0.360610693693161,0.8012727499008179,0.5043715834617615,0.4995153844356537,0.6457908153533936,0.5023533105850221,0.5326811671257019,0.500153124332428,0.5013428330421448,0.6124889254570007,0.5004801750183105,0.5676001310348511,0.503789484500885,0.16758649051189425,0.5581128597259521,0
149,0.5056781172752379,0.5035586953163147,0.5004898309707642,0.4992087781429291,0.6412624716758728,0.5002376437187195,0.6200965642929077,0.5035351514816284,0.5000130534172058,0.4978078007698059,0.6311988234519958,0.3600234091281891,0.8011851310729979,0.5043567419052124,0.499509185552597,0.25133514404296875,0.5024582147598267,0.5328046083450317,0.5001330971717834,0.5014383196830751,0.6126728653907776,0.5003761053085327,0.5676300525665283,0.5036768317222595,0.4329979717731476,0.5583145618438721,0
150,0.5052000284194946,0.5035494565963745,0.5003768801689148,0.4992555379867554,0.64146488904953,0.500261664390564,0.5113247036933899,0.5032079815864563,0.5000050663948059,0.4977863430976868,0.6311465501785278,0.3585581183433533,0.8012585639953613,0.5043435096740723,0.4995188415050506,0.4911927580833435,0.5023625493049622,0.532090961933136,0.5000934600830078,0.5012729167938232,0.6031997799873352,0.5005462765693665,0.5678329467773438,0.5041244029998779,0.7796469926834106,0.5587592720985413,0
151,0.5080776214599609,0.5034425854682922,0.5003479719161987,0.4993213415145874,0.6412802934646606,0.5002819895744324,0.5302065014839172,0.5034491419792175,0.4999699890613556,0.4976904690265656,0.6310485601425171,0.3584854304790497,0.8014958500862122,0.5043551325798035,0.4995189905166626,0.3568607866764069,0.5023409724235535,0.5314211249351501,0.5001381635665894,0.50139319896698,0.5977250337600708,0.5004724264144897,0.5677799582481384,0.5042129755020142,0.8022558093070984,0.5594961047172546,0
152,0.5067055225372314,0.5033354163169861,0.5005027055740356,0.4991672039031982,0.6410834789276123,0.5002385377883911,0.2852679193019867,0.5036960840225221,0.500013530254364,0.4977960586547852,0.6311843991279602,0.3591839671134949,0.8013038635253906,0.5043514966964722,0.4995169341564178,0.4011547565460205,0.5025579333305359,0.5328767895698547,0.5001901388168335,0.5014063119888306,0.6133537888526917,0.5003185272216797,0.5678574442863464,0.5039241313934326,0.5243163108825684,0.5587603449821472,0
153,0.5065334439277649,0.5034488439559937,0.5005158185958862,0.4991869628429413,0.6410792469978333,0.5002376437187195,0.14330586791038513,0.5034224987030029,0.5000139474868774,0.4978859126567841,0.6312370300292969,0.35953280329704285,0.8008620738983154,0.5043648481369019,0.4995076656341553,0.1950192004442215,0.5024352669715881,0.5329160690307617,0.5001037120819092,0.5013265609741211,0.6098154783248901,0.5003314614295961,0.5678633451461792,0.5036408901214601,0.6802547574043274,0.5586065649986267,0
154,0.5068517327308655,0.5033938884735107,0.5004602670669556,0.4992257356643677,0.6412213444709778,0.5002527832984924,0.4376185536384583,0.5036039352416992,0.5000084042549133,0.4977444112300873,0.6311127543449402,0.3593156635761261,0.8014044165611267,0.5043594837188721,0.4995145499706268,0.3180924952030182,0.5024453401565552,0.5329029560089111,0.5001190304756165,0.5013707280158997,0.6113309264183044,0.5003096461296082,0.5678651928901672,0.5038633346557617,0.3458612561225891,0.5596017241477966,0
155,0.5065243840217589,0.5033109784126282,0.5004423260688782,0.4992241859436035,0.6411160826683044,0.5002499222755432,0.4648400545120239,0.5034968256950378,0.5000207424163818,0.497789204120636,0.631183385848999,0.3589692711830139,0.8015846014022827,0.5043433904647827,0.4995141625404358,0.17390133440494535,0.502566397190094,0.5330165028572083,0.5001712441444397,0.5012858510017395,0.6070817112922668,0.500263512134552,0.567976176738739,0.5036627054214478,0.7436825633049011,0.5594336986541748,0